days,location,proportion
0,cage,0.95
51,cage,0.935
58,cage,0.93
85,cage,0.905
0,field,0.935282051
51,field,0.29912963
58,field,0.25862963
85,field,0.222759259